CID100000085	carnitine
CID100000119	gamma-aminobutyric
CID100000137	5-aminolevulinic
CID100000143	leucovorin
CID100000146	5-methyltetrahydrofolate
CID100000158	PGE2
CID100000159	prostacyclin
CID100000160	prostaglandin
CID100000175	acetate
CID100000187	acetylcholine
CID100000191	adenosine
CID100000206	glucose
CID100000214	PGE1
CID100000222	ammonia
CID100000232	arginine
CID100000244	benzyl
CID100000247	betaine
CID100000271	calcium
CID100000297	graphene
CID100000298	chloramphenicol
CID100000303	bile
CID100000305	choline
CID100000311	citric
CID100000312	chloride
CID100000338	salicylate
CID100000401	D-cycloserine
CID100000444	bupropion
CID100000450	estradiol
CID100000453	mannitol
CID100000564	EACA
CID100000581	N-acetylcysteine
CID100000596	cytarabine
CID100000598	mesna
CID100000612	lactate
CID100000679	DMSO
CID100000681	dopamine
CID100000698	estrone
CID100000699	Oestrogen
CID100000700	monoethanolamine
CID100000727	lindane
CID100000738	glutamine
CID100000750	glycine
CID100000753	glycerol
CID100000767	bicarbonate
CID100000772	LMWH
CID100000774	histamine
CID100000785	quinol
CID100000813	potassium
CID100000815	kanamycin
CID100000838	epinephrine
CID100000853	thyroxine
CID100000861	triiodothyronine
CID100000888	magnesium
CID100000896	melatonin
CID100000923	sodium
CID100000937	niacin
CID100000942	nicotine
CID100000946	nitrite
CID100000948	nitrous
CID100000951	norepinephrine
CID100000961	hydroxyl
CID100001003	phosphate
CID100001046	pyrazinamide
CID100001054	pyridoxine
CID100001065	quinidine
CID100001071	retinol
CID100001084	thiosulfate
CID100001125	tetrahydrobiopterin
CID100001130	thiamine
CID100001134	thymidine
CID100001206	methamphetamine
CID100001301	naproxen
CID100001546	cladribine
CID100001690	doxorubicin
CID100001727	4-AP
CID100001775	phenytoin
CID100001798	methazolamide
CID100001805	5-azacytidine
CID100001875	methylprednisolone
CID100001971	abacavir
CID100001972	amphotericin
CID100001978	acebutolol
CID100001983	acetaminophen
CID100001986	acetazolamide
CID100001990	acetohydroxamic
CID100001993	methacholine
CID100002019	actinomycin
CID100002021	spectinomycin
CID100002022	acyclovir
CID100002082	albendazole
CID100002083	salbutamol
CID100002085	Almeta
CID100002088	alendronate
CID100002092	alfuzosin
CID100002094	allopurinol
CID100002099	alosetron
CID100002118	alprazolam
CID100002123	hexamethylmelamine
CID100002130	amantadine
CID100002133	amcinonide
CID100002140	diatrizoate
CID100002141	amifostine
CID100002142	amikacin
CID100002145	aminoglutethimide
CID100002148	p-aminohippurate
CID100002153	theophylline
CID100002156	amiodarone
CID100002159	amisulpride
CID100002160	amitriptyline
CID100002161	amlexanox
CID100002162	amlodipine
CID100002163	amobarbital
CID100002168	amorolfine
CID100002170	amoxapine
CID100002171	amoxicillin
CID100002173	ampicillin
CID100002177	amprenavir
CID100002179	amsacrine
CID100002182	anagrelide
CID100002187	anastrozole
CID100002215	apomorphine
CID100002216	apraclonidine
CID100002232	argatroban
CID100002244	aspirin
CID100002249	atenolol
CID100002250	atorvastatin
CID100002265	azathioprine
CID100002266	azelaic
CID100002267	azelastine
CID100002269	azithromycin
CID100002274	aztreonam
CID100002284	baclofen
CID100002307	beclomethasone
CID100002308	beclomethasone
CID100002311	benazepril
CID100002315	bendrofluazide
CID100002337	benzocaine
CID100002341	benzphetamine
CID100002344	benztropine
CID100002345	benzyl
CID100002349	penicillin
CID100002350	bepotastine
CID100002351	bepridil
CID100002366	betahistine
CID100002367	dexamethasone
CID100002369	betaxolol
CID100002370	bethanechol
CID100002375	bicalutamide
CID100002391	bisacodyl
CID100002405	bisoprolol
CID100002431	bretylium
CID100002435	brimonidine
CID100002441	bromazepam
CID100002442	bromhexine
CID100002443	bromocriptine
CID100002462	budesonide
CID100002471	bumetanide
CID100002474	bupivacaine
CID100002476	buprenorphine
CID100002477	buspirone
CID100002478	busulfan
CID100002479	butabarbital
CID100002484	butenafine
CID100002487	butorphanol
CID100002512	cabergoline
CID100002519	caffeine
CID100002520	verapamil
CID100002522	calcipotriol
CID100002524	1,25(OH)2D3
CID100002540	candesartan
CID100002541	candesartan
CID100002547	capreomycin
CID100002548	capsaicin
CID100002550	captopril
CID100002551	carbachol
CID100002554	carbamazepine
CID100002559	carbenicillin
CID100002563	carbidopa
CID100002564	carbinoxamine
CID100002576	carisoprodol
CID100002578	BCNU
CID100002583	carteolol
CID100002585	carvedilol
CID100002609	cefaclor
CID100002610	cefadroxil
CID100002617	cefazolin
CID100002622	cefepime
CID100002631	cefotaxime
CID100002637	cefoxitin
CID100002646	cefprozil
CID100002650	ceftazidime
CID100002654	cephem
CID100002655	ceftizoxime
CID100002656	ceftriaxone
CID100002658	cefuroxime
CID100002662	celecoxib
CID100002663	celiprolol
CID100002666	cephalexin
CID100002675	cefixime
CID100002676	cerivastatin
CID100002678	cetirizine
CID100002684	cevimeline
CID100002708	chlorambucil
CID100002712	chlordiazepoxide
CID100002713	chlorhexidine
CID100002719	chloroquine
CID100002720	thiazide
CID100002725	chlorpheniramine
CID100002726	chlorpromazine
CID100002727	chlorpropamide
CID100002732	chlorthalidone
CID100002733	chlorzoxazone
CID100002749	ciclopirox
CID100002751	cilazapril
CID100002754	cilostazol
CID100002756	cimetidine
CID100002762	cinoxacin
CID100002764	ciprofloxacin
CID100002767	cisplatin
CID100002771	citalopram
CID100002781	clemastine
CID100002786	clindamycin
CID100002789	clobazam
CID100002791	clobetasol
CID100002792	clobetasone
CID100002794	clofazimine
CID100002800	clomiphene
CID100002801	clomipramine
CID100002802	clonazepam
CID100002803	clonidine
CID100002806	clopidogrel
CID100002809	clorazepate
CID100002812	clotrimazole
CID100002818	clozapine
CID100002826	cocaine
CID100002828	codeine
CID100002833	colchicine
CID100002881	sodium
CID100002883	crotamiton
CID100002891	cyanocobalamin
CID100002895	cyclobenzaprine
CID100002905	cyclopentolate
CID100002907	cyclophosphamide
CID100002909	v
CID100002913	cyproheptadine
CID100002914	cyproterone
CID100002949	danazol
CID100002951	dantrolene
CID100002955	dapsone
CID100002958	anthracycline
CID100002972	deferiprone
CID100002973	deferoxamine
CID100002978	delta
CID100002995	desipramine
CID100003000	desoximetasone
CID100003003	dexamethasone
CID100003007	amphetamine
CID100003008	dextromethorphan
CID100003009	DFMO
CID100003015	cyproterone
CID100003016	diazepam
CID100003019	diazoxide
CID100003032	diclofenac
CID100003038	dichlorphenamide
CID100003040	dicloxacillin
CID100003042	dicyclomine
CID100003043	didanosine
CID100003053	diethylenetriaminepentaacetic
CID100003056	diflorasone
CID100003059	diflunisal
CID100003060	epitopic
CID100003062	digoxin
CID100003063	dihydrocodeine
CID100003066	dihydroergotamine
CID100003075	diltiazem
CID100003080	dimercaprol
CID100003100	diphenhydramine
CID100003105	dipivefrin
CID100003108	dipyridamole
CID100003114	disopyramide
CID100003117	disulfiram
CID100003121	valproate
CID100003125	alpha-methyl-p-tyrosine
CID100003143	docetaxel
CID100003148	dolasetron
CID100003151	domperidone
CID100003152	donepezil
CID100003154	dorzolamide
CID100003155	dothiepin
CID100003156	doxapram
CID100003157	doxazosin
CID100003158	doxepin
CID100003168	droperidol
CID100003171	L-threo-DOPS
CID100003182	dyphylline
CID100003198	econazole
CID100003199	trabectedin
CID100003202	edrophonium
CID100003203	efavirenz
CID100003209	eicosapentaenoic
CID100003219	emedastine
CID100003222	CAS
CID100003226	enflurane
CID100003241	epinastine
CID100003249	vitamin
CID100003250	ergonovine
CID100003251	ergotamine
CID100003255	erythromycin
CID100003256	monomycin
CID100003261	estazolam
CID100003263	estradiol
CID100003267	estradiol
CID100003268	estramustine
CID100003269	estriol
CID100003278	ethacrynic
CID100003279	ethambutol
CID100003291	ethosuximide
CID100003292	ethotoin
CID100003305	etidronate
CID100003308	etodolac
CID100003310	etoposide
CID100003324	famciclovir
CID100003325	famotidine
CID100003331	felbamate
CID100003333	felodipine
CID100003339	fenofibrate
CID100003340	fenoldopam
CID100003342	fenoprofen
CID100003345	fentanyl
CID100003348	fexofenadine
CID100003350	finasteride
CID100003354	flavoxate
CID100003355	flecainide
CID100003363	FdUrd
CID100003364	flucloxacillin
CID100003365	fluconazole
CID100003366	5-fluorocytosine
CID100003367	fludarabine
CID100003368	FAMP
CID100003370	fludrocortisone
CID100003372	fluphenazine
CID100003373	flumazenil
CID100003375	flumethasone
CID100003379	flunisolide
CID100003380	flunitrazepam
CID100003381	fluocinolone
CID100003382	fluocinonide
CID100003384	fluorometholone
CID100003385	5-FU
CID100003386	fluoxetine
CID100003387	fluoxymesterone
CID100003388	fluphenazine
CID100003392	flurandrenolone
CID100003393	flurazepam
CID100003394	flurbiprofen
CID100003397	flutamide
CID100003399	fluticasone
CID100003403	fluvastatin
CID100003404	fluvoxamine
CID100003405	folate
CID100003406	4-methylpyrazole
CID100003410	formoterol
CID100003414	foscarnet
CID100003417	fosfomycin
CID100003419	fosinopril
CID100003425	Romidepsin
CID100003440	furosemide
CID100003443	fusidic
CID100003446	gabapentin
CID100003449	galantamine
CID100003454	ganciclovir
CID100003461	gemcitabine
CID100003462	gemeprost
CID100003463	gemfibrozil
CID100003467	gentamicin
CID100003475	gliclazide
CID100003476	glimepiride
CID100003478	glipizide
CID100003488	glibenclamide
CID100003494	glycopyrrolate
CID100003510	granisetron
CID100003512	griseofulvin
CID100003516	guaifenesin
CID100003517	icodextrin
CID100003519	guanfacine
CID100003520	guanidinium
CID100003553	halcinonide
CID100003559	haloperidol
CID100003598	hexachlorophene
CID100003623	homatropine
CID100003636	Buscopan
CID100003637	hydralazine
CID100003639	hydrochlorothiazide
CID100003640	cortisol
CID100003642	hydrocortisone
CID100003647	hydroflumethiazide
CID100003648	hydromorphone
CID100003652	hydroxychloroquine
CID100003657	hydroxyurea
CID100003658	hydroxyzine
CID100003661	atropine
CID100003672	ibuprofen
CID100003675	phenelzine
CID100003676	lidocaine
CID100003685	idarubicin
CID100003687	IdUrd
CID100003690	ifosfamide
CID100003696	imipramine
CID100003702	indapamide
CID100003706	indinavir
CID100003715	indomethacin
CID100003724	iodixanol
CID100003730	iohexol
CID100003734	iopamidol
CID100003736	iopromide
CID100003737	sodium
CID100003738	iotrolan
CID100003739	iodipamide
CID100003741	ioversol
CID100003742	ioxaglate
CID100003743	ioxilan
CID100003746	ipratropium
CID100003749	irbesartan
CID100003750	irinotecan
CID100003759	isocarboxazid
CID100003763	isoflurane
CID100003767	isoniazid
CID100003777	isopropyl
CID100003779	isoproterenol
CID100003780	isosorbide
CID100003783	isoxsuprine
CID100003784	isradipine
CID100003793	itraconazole
CID100003821	ketamine
CID100003823	ketoconazole
CID100003825	ketoprofen
CID100003826	ketorolac
CID100003827	ketotifen
CID100003830	cytokinin
CID100003848	phenyllactate
CID100003869	labetalol
CID100003872	lactulose
CID100003877	lamivudine
CID100003878	lamotrigine
CID100003883	lansoprazole
CID100003890	latanoprost
CID100003899	leflunomide
CID100003902	letrozole
CID100003911	Leuprorelin
CID100003914	levobunolol
CID100003915	levocabastine
CID100003916	levomepromazine
CID100003918	dextrorphan
CID100003928	lincomycin
CID100003929	linezolid
CID100003937	Lisinopril
CID100003938	lisuride
CID100003939	LiOH
CID100003948	lomefloxacin
CID100003950	lomustine
CID100003954	loperamide
CID100003957	loratadine
CID100003958	lorazepam
CID100003961	losartan
CID100003962	lovastatin
CID100003964	loxapine
CID100003998	mafenide
CID100004004	malathion
CID100004011	maprotiline
CID100004030	mebendazole
CID100004031	mebeverine
CID100004032	mecamylamine
CID100004033	nitrogen
CID100004034	monamine
CID100004036	meclofenamate
CID100004042	medroxyprogesterone
CID100004043	medrysone
CID100004044	mefenamic
CID100004046	mefloquine
CID100004048	megestrol
CID100004051	meloxicam
CID100004053	melphalan
CID100004054	memantine
CID100004057	Cantril
CID100004058	meperidine
CID100004060	mephenytoin
CID100004062	mepivacaine
CID100004064	meprobamate
CID100004075	5-ASA
CID100004086	metaproterenol
CID100004091	metformin
CID100004095	methadone
CID100004101	methenamine
CID100004107	methocarbamol
CID100004112	methotrexate
CID100004114	8-MOP
CID100004120	N-methylscopolamine
CID100004121	methyclothiazide
CID100004138	methyldopa
CID100004139	methylene
CID100004140	methylergometrine
CID100004158	methylphenidate
CID100004159	methylprednisolone
CID100004160	methyltestosterone
CID100004163	methysergide
CID100004168	metoclopramide
CID100004170	metolazone
CID100004171	metoprolol
CID100004173	metronidazole
CID100004174	metyrapone
CID100004178	mexiletine
CID100004184	mianserin
CID100004189	miconazole
CID100004192	midazolam
CID100004195	midodrine
CID100004196	mifepristone
CID100004197	milrinone
CID100004201	minoxidil
CID100004205	mirtazapine
CID100004211	mitotane
CID100004212	mitoxantrone
CID100004235	moclobemide
CID100004236	modafinil
CID100004240	mometasone
CID100004248	montelukast
CID100004253	morphine
CID100004259	moxifloxacin
CID100004264	mupirocin
CID100004271	mycophenolate
CID100004272	mycophenolic
CID100004274	tetrofosmin
CID100004409	nabumetone
CID100004411	nadolol
CID100004419	nalbuphine
CID100004421	nalidixic
CID100004422	nalmefene
CID100004425	naloxone
CID100004428	naltrexone
CID100004432	nandrolone
CID100004436	naphazoline
CID100004440	naratriptan
CID100004443	nateglinide
CID100004449	nefazodone
CID100004450	nefopam
CID100004451	nelfinavir
CID100004454	neomycin
CID100004456	neostigmine
CID100004463	nevirapine
CID100004473	nicardipine
CID100004485	nifedipine
CID100004493	nilutamide
CID100004497	nimodipine
CID100004499	nisoldipine
CID100004506	nitrazepam
CID100004509	nitrofurantoin
CID100004510	nitroglycerin
CID100004513	nizatidine
CID100004536	norethisterone
CID100004539	norfloxacin
CID100004542	levonorgestrel
CID100004543	nortriptyline
CID100004547	repaglinide
CID100004568	nystatin
CID100004583	ofloxacin
CID100004585	olanzapine
CID100004594	omeprazole
CID100004595	ondansetron
CID100004599	orlistat
CID100004601	orphenadrine
CID100004603	oseltamivir
CID100004607	oxacillin
CID100004609	oxaliplatin
CID100004614	oxaprozin
CID100004616	oxazepam
CID100004623	oxiconazole
CID100004631	oxprenolol
CID100004634	oxybutynin
CID100004635	oxycodone
CID100004638	oxymetholone
CID100004639	oxymorphone
CID100004649	APAs
CID100004666	paclitaxel
CID100004673	pamidronate
CID100004675	pancuronium
CID100004678	dexpanthenol
CID100004679	pantoprazole
CID100004680	papaverine
CID100004689	paromomycin
CID100004691	paroxetine
CID100004695	isosulfan
CID100004724	penbutolol
CID100004725	penciclovir
CID100004727	D-penicillamine
CID100004730	penicillin
CID100004735	pentamidine
CID100004736	pentazocine
CID100004737	pentobarbital
CID100004739	pentostatin
CID100004740	pentoxifylline
CID100004745	pergolide
CID100004746	perhexiline
CID100004747	propericiazine
CID100004748	perphenazine
CID100004756	phenylazo
CID100004763	phenobarbital
CID100004768	phenoxybenzamine
CID100004771	phentermine
CID100004775	4-PBA
CID100004782	phenylephrine
CID100004786	phenylpropanolamine
CID100004810	moxonidine
CID100004811	physostigmine
CID100004812	vitamin
CID100004819	pilocarpine
CID100004828	pindolol
CID100004829	pioglitazone
CID100004834	piperacillin
CID100004845	pirbuterol
CID100004865	podophyllotoxin
CID100004868	polymyxin
CID100004870	polythiazide
CID100004885	pramipexole
CID100004889	pravastatin
CID100004891	praziquantel
CID100004893	prazosin
CID100004894	prednisolone
CID100004895	prednisolone
CID100004896	prednisolone
CID100004900	prednisone
CID100004906	prilocaine
CID100004908	primaquine
CID100004909	primidone
CID100004911	probenecid
CID100004913	procainamide
CID100004914	procaine
CID100004915	procarbazine
CID100004917	prochlorperazine
CID100004920	progesterone
CID100004923	proguanil
CID100004927	promethazine
CID100004932	propafenone
CID100004934	propantheline
CID100004935	proparacaine
CID100004943	propofol
CID100004946	propranolol
CID100004976	protriptyline
CID100004989	pyrantel
CID100004991	pyridostigmine
CID100004992	mepyramine
CID100004993	pyrimethamine
CID100004999	quazepam
CID100005002	quetiapine
CID100005005	quinapril
CID100005029	rabeprazole
CID100005032	ephedrine
CID100005035	raloxifene
CID100005038	ramipril
CID100005039	ranitidine
CID100005040	rapamycin
CID100005051	rescinnamine
CID100005052	reserpine
CID100005064	ribavirin
CID100005070	riluzole
CID100005071	rimantadine
CID100005073	risperidone
CID100005076	ritonavir
CID100005077	rivastigmine
CID100005078	rizatriptan
CID100005090	rofecoxib
CID100005095	ropinirole
CID100005106	roxithromycin
CID100005152	salmeterol
CID100005155	stavudine
CID100005161	salsalate
CID100005184	scopolamine
CID100005193	secobarbital
CID100005195	deprenyl
CID100005203	sertraline
CID100005206	sevoflurane
CID100005210	sibutramine
CID100005212	sildenafil
CID100005214	silver
CID100005215	sulfadiazine
CID100005238	sodium
CID100005245	risedronate
CID100005248	sodium
CID100005253	sotalol
CID100005257	sparfloxacin
CID100005267	spironolactone
CID100005291	imatinib
CID100005297	streptomycin
CID100005300	streptozotocin
CID100005311	vorinostat
CID100005314	succinylcholine
CID100005318	sulconazole
CID100005320	sulfacetamide
CID100005329	sulfamethoxazole
CID100005333	sulfonamide
CID100005352	sulindac
CID100005358	sumatriptan
CID100005359	suprofen
CID100005372	tacrolimus
CID100005376	tamoxifen
CID100005379	gatifloxacin
CID100005381	tazarotene
CID100005391	temazepam
CID100005394	temozolomide
CID100005396	teniposide
CID100005401	terazosin
CID100005402	terbinafine
CID100005403	terbutaline
CID100005404	terconazole
CID100005407	testolactone
CID100005408	testosterone
CID100005409	testosterone
CID100005410	testosterone
CID100005411	tetracaine
CID100005419	tetrahydrozoline
CID100005426	thalidomide
CID100005430	thiabendazole
CID100005452	thioridazine
CID100005453	thiotepa
CID100005454	thiothixene
CID100005466	tiagabine
CID100005468	tiaprofenic
CID100005470	tibolone
CID100005472	ticlopidine
CID100005478	timolol
CID100005479	tinidazole
CID100005483	tiopronin
CID100005486	tirofiban
CID100005487	tizanidine
CID100005496	tobramycin
CID100005503	tolazamide
CID100005505	tolbutamide
CID100005508	tolmetin
CID100005512	tolterodine
CID100005514	topiramate
CID100005515	topotecan
CID100005516	toremifene
CID100005523	tramadol
CID100005524	tramazoline
CID100005525	trandolapril
CID100005526	tranexamic
CID100005530	tranylcypromine
CID100005533	trazodone
CID100005538	retinoic
CID100005544	triamcinolone
CID100005546	triamterene
CID100005556	triazolam
CID100005564	triclosan
CID100005565	trien
CID100005566	trifluoperazine
CID100005572	trihexyphenidyl
CID100005576	trimethadione
CID100005577	trimethobenzamide
CID100005578	trimethoprim
CID100005582	trimetrexate
CID100005584	trimipramine
CID100005591	troglitazone
CID100005593	tropicamide
CID100005595	tropisetron
CID100005596	trospium
CID100005625	delavirdine
CID100005636	unoprostone
CID100005645	UDCA
CID100005647	VACV
CID100005650	valsartan
CID100005651	Vancocine
CID100005656	venlafaxine
CID100005665	vigabatrin
CID100005672	vinorelbine
CID100005717	zafirlukast
CID100005718	zalcitabine
CID100005719	zaleplon
CID100005721	zanamivir
CID100005726	zidovudine
CID100005727	ZnCl2
CID100005731	zolmitriptan
CID100005732	zolpidem
CID100005734	zonisamide
CID100005735	zopiclone
CID100005746	mitomycin
CID100005771	oxytocin
CID100005775	phentolamine
CID100005877	demethyl
CID100005878	oxandrolone
CID100005939	biguanide
CID100005978	vincristine
CID100006018	tetrabenazine
CID100006049	EDTA
CID100006058	cysteamine
CID100006116	calcium
CID100006238	17-hydroxyprogesterone
CID100006256	trifluorothymidine
CID100006432	Optison
CID100006436	triamcinolone
CID100006451	bromcresol
CID100006468	phencyclidine
CID100006476	methsuximide
CID100006503	tris
CID100006726	cyclizine
CID100007012	phenylbutyric
CID100007029	diethylpropion
CID100007187	benzoyl
CID100007638	monobenzone
CID100007699	benzonatate
CID100008197	tetraen
CID100008230	argenine
CID100008612	chloroprocaine
CID100008982	nafcillin
CID100009034	methohexital
CID100009354	dimercaptosuccinic
CID100009433	aminophylline
CID100009904	nandrolone
CID100010100	propoxyphene
CID100010340	sodium
CID100010413	hydroxybutyrate
CID100010547	echothiophate
CID100010631	medroxyprogesterone
CID100010660	dimenhydrinate
CID100011125	lithium
CID100011973	Brolene
CID100012453	zuclopenthixol
CID100012460	phendimetrazine
CID100012536	desonide
CID100012555	benzydamine
CID100012559	erythromycin
CID100012597	isomannide
CID100012620	Tadenan
CID100013314	lormetazepam
CID100013342	vinblastine
CID100014789	ferumoxytol
CID100014888	arsenic
CID100014917	fluoride
CID100015232	benzathine
CID100015459	metaxalone
CID100016124	methylene
CID100016230	amiloride
CID100016362	pimozide
CID100016533	betamethasone
CID100016850	fluorescein
CID100016886	5-aza-2'-deoxycytidine
CID100017358	SonoVue
CID100018140	estramustine
CID100019090	megestrol
CID100020585	choline
CID100020969	clocortolone
CID100021800	betamethasone
CID100021945	methenamine
CID100022258	hydrocodone
CID100022318	gold
CID100022502	procaine
CID100023703	ogen
CID100023897	molindone
CID100023925	Fe(III
CID100023926	lanthanum
CID100023951	samarium
CID100023954	silver
CID100023957	technetium-99m
CID100023976	chromium
CID100023978	copper
CID100023982	gadolinium
CID100023993	yttrium
CID100023994	zinc
CID100024087	selenium
CID100024414	barium
CID100024424	zinc
CID100024450	potassium
CID100024642	TlCl
CID100024706	Triphasil
CID100024748	glucose
CID100024841	iodide
CID100025419	clodronate
CID100025959	Prussian
CID100027304	HMDP
CID100027400	pizotifen
CID100027661	isosorbide-5-mononitrate
CID100027991	desmopressin
CID100027993	conjugated
CID100028332	propoxyphene
CID100028486	lithium
CID100029089	chlorhexidine
CID100030623	dexrazoxane
CID100031072	carbimazole
CID100031264	paraldehyde
CID100031378	fludrocortisone
CID100031477	metipranolol
CID100032169	articaine
CID100032281	Protirelin
CID100032603	clindamycin
CID100032797	clobetasol
CID100032800	Asp-Tyr(SO3H)-Met-Gly-Trp-Met-Asp-Phe-NH2
CID100034312	oxcarbazepine
CID100036339	etomidate
CID100036523	gonadorelin
CID100036811	dobutamine
CID100037392	halofantrine
CID100037720	pentosan
CID100038904	carboplatin
CID100039042	bezafibrate
CID100039507	rimexolone
CID100039524	stiripentol
CID100039764	vecuronium
CID100039860	nabilone
CID100040159	permethrin
CID100040632	pirfenidone
CID100040703	pinaverium
CID100040973	desogestrel
CID100040976	Implanon
CID100041317	acitretin
CID100041684	nitazoxanide
CID100041693	sufentanil
CID100041744	valrubicin
CID100041774	acarbose
CID100041781	torasemide
CID100042113	desflurane
CID100042395	Westcort
CID100042615	Supremon
CID100042955	misoprostol
CID100044563	lodoxamide
CID100044564	lodoxamide
CID100045469	sodium
CID100047319	atracurium
CID100047320	cisatracurium
CID100047419	cefuroxime
CID100047471	butoconazole
CID100047528	nicorandil
CID100047640	naftifine
CID100047725	Goserelin
CID100050294	nedocromil
CID100050614	cefotetan
CID100051263	alfentanil
CID100051577	miglitol
CID100051634	miglustat
CID100052421	prednicarbate
CID100054158	mebrofenin
CID100054313	iloprost
CID100054331	fosfomycin
CID100054373	Octreotide
CID100054454	simvastatin
CID100054547	cefpodoxime
CID100054688	clarithromycin
CID100054786	treprostinil
CID100054808	loteprednol
CID100054840	atomoxetine
CID100054949	NSC
CID100055331	moexiprilat
CID100055466	Gd-DTPA
CID100055480	milnacipran
CID100056338	fosphenytoin
CID100056959	ranolazine
CID100057166	Photofrin
CID100057469	imiquimod
CID100057537	rotigotine
CID100057697	pemirolast
CID100059708	levetiracetam
CID100059768	esmolol
CID100060146	tamsulosin
CID100060164	adapalene
CID100060172	adefovir
CID100060183	perindopril
CID100060184	perindopril
CID100060198	exemestane
CID100060490	zileuton
CID100060496	amlodipine
CID100060612	dexmedetomidine
CID100060613	cidofovir
CID100060668	etoposide
CID100060695	rocuronium
CID100060706	meropenem
CID100060714	gadoteridol
CID100060726	bromfenac
CID100060751	mTHPC
CID100060752	ibutilide
CID100060754	gadodiamide
CID100060787	saquinavir
CID100060795	aripiprazole
CID100060814	remifentanil
CID100060830	tiotropium
CID100060834	duloxetine
CID100060843	pemetrexed
CID100060852	ibandronate
CID100060853	ziprasidone
CID100060860	metaiodobenzylguanidine
CID100060864	olopatadine
CID100060867	levosimendan
CID100060871	adefovir
CID100060877	emtricitabine
CID100060878	eprosartan
CID100060936	tiludronate
CID100060953	capecitabine
CID100061475	sodium
CID100061799	monomethylfumarate
CID100062305	doxycycline
CID100062358	ammonium
CID100062816	colestipol
CID100062819	Metrodin
CID100062924	fluticasone
CID100062956	fosinoprilat
CID100062959	trovafloxacin
CID100062965	beclomethasone
CID100063001	benazeprilat
CID100064147	valganciclovir
CID100064778	Meropenem
CID100064929	fenofibric
CID100064987	tenofovir
CID100065014	AMD3100
CID100065157	testosterone
CID100065281	CAS
CID100065370	Glat
CID100065628	bendamustine
CID100065840	colestimide
CID100065856	reboxetine
CID100065863	sertaconazole
CID100065866	lercanidipine
CID100065999	telmisartan
CID100068613	atosiban
CID100068740	zoledronic
CID100068844	brinzolamide
CID100069512	malvidin
CID100071158	acamprosate
CID100071273	ropivacaine
CID100071301	nebivolol
CID100071316	mivacurium
CID100071329	dofetilide
CID100071348	lanreotide
CID100071360	iloperidone
CID100071362	Hoe
CID100071406	TPGS
CID100071436	Lutalyse
CID100071469	erythromycin
CID100071616	voriconazole
CID100072022	perindoprilat
CID100072054	darifenacin
CID100072081	Terlipressin
CID100072111	rifaximin
CID100072466	bleomycin
CID100072938	gemifloxacin
CID100073303	doripenem
CID100073658	telithromycin
CID100074989	atovaquone
CID100077992	frovatriptan
CID100077993	eletriptan
CID100077996	paricalcitol
CID100077997	MK-462
CID100077998	rosiglitazone
CID100078032	Vallergan
CID100082146	bexarotene
CID100082148	agomelatine
CID100083030	Ge-132
CID100083513	barium
CID100083606	strontium
CID100084003	ketorolac
CID100091488	fluocinolone
CID100093860	bortezomib
CID100096312	nelarabine
CID100102258	rasburicase
CID100102399	dextran
CID100104741	ICI
CID100104758	raltitrexed
CID100104778	levodopa/carbidopa
CID100104799	fotemustine
CID100104849	rimonabant
CID100104865	bosentan
CID100105145	68Ga
CID100107694	Diane-35
CID100107969	FTY720
CID100107994	quinaprilat
CID100110634	vardenafil
CID100110635	tadalafil
CID100114709	eslicarbazepine
CID100115237	paliperidone
CID100115355	NTBC
CID100119182	clofarabine
CID100119212	benzylpenicilloyl
CID100119607	valdecoxib
CID100119828	parecoxib
CID100119830	tenofovir
CID100121396	N-carbamylglutamate
CID100121749	ustekinumab
CID100121892	retigabine
CID100122197	FP-CIT
CID100122316	rasagiline
CID100123015	SU5416
CID100123597	travoprost
CID100123606	almotriptan
CID100123610	Eptifibatide
CID100123611	fondaparinux
CID100123619	etoricoxib
CID100123620	mometasone
CID100123623	Cancidas
CID100123631	gefitinib
CID100123634	Trisequens
CID100123809	Madopar
CID100124087	desloratadine
CID100125017	desvenlafaxine
CID100125889	pregabalin
CID100127909	bimatoprost
CID100128549	trandolaprilat
CID100129228	rufinamide
CID100129806	rosuvastatin
CID100130564	esomeprazole
CID100130881	olmesartan
CID100131535	fosamprenavir
CID100132804	pitavastatin
CID100132971	abiraterone
CID100132999	ivabradine
CID100134018	febuxostat
CID100134019	pixantrone
CID100134780	pomalidomide
CID100135113	sacrosidase
CID100145068	nitric
CID100147740	drospirenone
CID100147912	posaconazole
CID100148121	pralatrexate
CID100148127	ospemifene
CID100148191	temsirolimus
CID100148192	atazanavir
CID100148211	palonosetron
CID100150310	eplerenone
CID100150311	ezetimibe
CID100150610	ertapenem
CID100151075	nepafenac
CID100151165	aprepitant
CID100151171	conivaptan
CID100152945	dutasteride
CID100153941	entecavir
CID100153994	clevidipine
CID100154058	solifenacin
CID100154256	bazedoxifene
CID100156326	asenapine
CID100156418	cinacalcet
CID100157429	gadopentetate
CID100157688	vinflunine
CID100157920	lubiprostone
CID100157921	methyl
CID100158781	olmesartan
CID100158786	pegaptanib
CID100159247	sevelamer
CID100160036	MnDPDP
CID100160051	colesevelam
CID100160352	zidovudine/lamivudine
CID100163296	tipranavir
CID100166548	Anidulafungin
CID100168625	poly(styrene
CID100168924	lanthanum
CID100170361	varenicline
CID100171558	Kaluril
CID100176870	erlotinib
CID100179344	eslicarbazepine
CID100185457	S-benzoylmercaptoacetyltriglycine
CID100192155	Prednefrin
CID100193962	etravirine
CID100197281	gadobenate
CID100197712	ambrisentan
CID100206527	L-Dmp
CID100208898	dronedarone
CID100208902	ramelteon
CID100208908	lapatinib
CID100208920	NuvaRing
CID100213023	dabigatran
CID100213039	darunavir
CID100213046	lurasidone
CID100214339	luliconazole
CID100216209	aliskiren
CID100216210	dabigatran
CID100216235	sitaxsentan
CID100216237	tolvaptan
CID100216239	sorafenib
CID100216258	Colimycin
CID100216326	lenalidomide
CID100216416	lasofoxifene
CID100219024	regadenoson
CID100219078	lacosamide
CID100219084	Gd-EOB-DTPA
CID100219090	fosaprepitant
CID100222786	cortisone
CID100315411	18F-FDG
CID100358641	trimethoprim-sulfamethoxazole
CID100441332	carboprost
CID100441382	natamycin
CID100443379	CAS
CID100444006	cefditoren
CID100444013	gadoversetamide
CID100444033	ciclesonide
CID100449193	roflumilast
CID100455658	hemin
CID100477468	FK463
CID100483407	maraviroc
CID100489129	efinaconazole
CID100517045	sodium
CID100644241	nilotinib
CID100656628	silodosin
CID100656892	TMC207
CID100657298	propylthiouracil
CID100667490	6-mercaptopurine
CID101349907	methimazole
CID102723601	6-thioguanine
CID102761171	ethionamide
CID103006171	rilpivirine
CID103010818	d-telaprevir
CID103038497	fospropofol
CID103052762	prucalopride
CID103055172	pimecrolimus
CID103062316	dasatinib
CID103080904	Estrofem
CID103081276	fluticasone/salmeterol
CID103081361	vandetanib
CID103081362	telavancin
CID103081884	copolymer
CID103085017	sevelamer
CID103086257	Photofrin
CID103086685	axitinib
CID103086686	sunitinib
CID103325225	ALX
CID104369359	sitagliptin
CID104474778	2-hydroxysuccinaldehyde
CID104479094	doxercalciferol
CID104479097	hydroxocobalamin
CID104517618	sodium
CID104630253	alclometasone
CID104659568	entacapone
CID104659569	tolcapone
CID105001396	warfarin
CID105251896	vildagliptin
CID105273759	abacavir-lamivudine
CID105277135	elvitegravir
CID105281007	dacarbazine
CID105310993	acipimox
CID105311167	halobetasol
CID105327147	polyoxyethylene
CID105328940	bosutinib
CID105353894	pralidoxime
CID105353980	sulfasalazine
CID105359596	arsenic
CID105360237	Paroven
CID105361912	rifabutin
CID105361917	methylnaltrexone
CID105362070	balsalazide
CID105362420	verteporfin
CID105381226	rifampicin
CID105462337	olsalazine
CID105464096	ramiprilat
CID105479141	CGP
CID105487068	Mersyndol
CID105487301	tegaserod
CID105488383	ofatumumab
CID105488547	alvimopan
CID105493381	deferasirox
CID106102852	gadobutrol
CID106323497	rifapentine
CID106326970	selenium
CID106328144	radium
CID106328526	AC1O3HA7
CID106331630	eribulin
CID106333887	auranofin
CID106398970	cefdinir
CID106433082	hexaminolevulinate
CID106433091	tapentadol
CID106433101	tafluprost
CID106433117	indacaterol
CID106433119	rivaroxaban
CID106435110	ivermectin
CID106437075	Timentin
CID106440191	fidaxomicin
CID106442177	everolimus
CID106445540	ixabepilone
CID106452749	Locorten
CID106453361	Sativex
CID106477186	delamanid
CID106850789	iron
CID106850791	leuprorelin
CID106918182	strontium
CID106918313	vilazodone
CID106918366	fosaprepitant
CID106918430	ceftobiprole
CID106918456	prasugrel
CID106918462	retapamulin
CID106918558	fesoterodine
CID106918584	sugammadex
CID106918638	belinostat
CID106918670	PEP005
CID109794842	tasimelteon
CID109800339	olodaterol
CID109810131	ceftaroline
CID109811221	cabazitaxel
CID109812414	dalteparin
CID109815559	trans
CID109818231	tofacitinib
CID109825285	azilsartan
CID109831414	Lovaza
CID109831761	irbesartan-hydrochlorothiazide
CID109831783	Stalevo
CID109846180	eltrombopag
CID109853053	lomitapide
CID109854489	fluticasone
CID109865528	mirabegron
CID109869929	avanafil
CID109871419	ticagrelor
CID109887712	dapagliflozin
CID109898619	Depreotide
CID109912092	apremilast
CID109924495	perampanel
CID109930048	vernakalant
CID109940864	Benicar-HCT
CID109941444	SOM230
CID109966051	Lu
CID110028615	vorapaxar
CID110096344	linagliptin
CID110107393	18F-flutemetamol
CID110113978	pazopanib
CID110163178	afatinib
CID110178705	besifloxacin
CID110182969	apixaban
CID110324367	boceprevir
CID110465263	lorcaserin
CID110482134	glycerol
CID111001318	tafamidis
CID111020241	ascorbate
CID111163584	alogliptin
CID111167602	regorafenib
CID111228026	aclidinium
CID111234049	TR-700
CID111235728	Saxagliptin
CID111238823	azilsartan
CID111254352	sodium
CID111304743	riociguat
CID111499245	AN2690
CID111501341	florbetaben
CID111505907	Zyprexa
CID111519069	umeclidinium
CID111531537	eliglustat
CID111556711	Carfilzomib
CID111593706	sevelamer
CID111597571	crizotinib
CID111597697	lisdexamfetamine
CID111672461	gadofosveset
CID111707110	trametinib
CID111722286	spinosad
CID111947681	nitroprusside
CID111949646	empagliflozin
CID111979316	vasopressin
CID113559279	ulipristal
CID115951529	MDV3100
CID116004692	macitentan
CID116065945	TMC435
CID116126651	PCI-32765
CID116129616	salmon
CID116129617	cosyntropin
CID116129629	LY146032
CID116129632	Nuvocid
CID116129665	Vitrum
CID116129672	Insulin
CID116129682	Forteo
CID116129690	ziconotide
CID116129701	T-A2-3
CID116129703	Revasc
CID116129704	Bivalirudin
CID116130199	Enfuvirtide
CID116130295	BPTI
CID116130957	Org
CID116131215	Abarelix
CID116131310	hepatitis
CID116132265	ACTH(1-39
CID116132283	glucagon
CID116132344	oCRH
CID116132418	NovoLog
CID116132438	Humalog
CID116132441	Refludan
CID116132446	Symlin
CID116134956	liraglutide
CID116136245	degarelix
CID116137271	insulin
CID116139342	Lyxumia
CID116139605	teduglutide
CID116156130	exenatide
CID116158207	linaclotide
CID116158473	o291
CID116213095	pentastarch
CID116220172	ivacaftor
CID117754772	ruxolitinib
CID119371515	alcaftadine
CID122834577	nesiritide
CID123668479	raltegravir
CID123689036	pertechnetate
CID123690938	piroxicam
CID124762228	Azarga
CID124776445	vismodegib
CID124812758	canagliflozin
CID124822371	florbetapir
CID124826799	ponatinib
CID124838347	glucagon
CID124846132	hetastarch
CID124950485	cobicistat
CID124965990	suvorexant
CID125074470	Triptorelin
CID125074886	cetrorelix
CID125077405	Nafarelin
CID125077993	Histrelin
CID125094462	sofosbuvir
CID125102847	cabozantinib
CID125880656	doxycycline
CID125880664	tetracycline
CID126275995	minocycline
CID140468184	acenocoumarol
CID142611257	vemurafenib
CID144134877	oxytetracycline
CID144146714	Lantus
CID144201342	tesamorelin
CID144201343	ecallantide
CID144462760	dabrafenib
CID144564107	mipomersen
CID144564722	Promacta
CID144567678	dalbavancin
CID146181941	Signifor
CID146216142	dolutegravir
CID151508717	tenoxicam
CID151601240	demeclocycline
CID153477714	heparin
CID153627505	hydroxypropyl
CID154677977	A77
CID154681041	tigecycline
CID154682541	doxycycline
CID154687131	lymecycline
CID156603655	pegaptanib
CID156842239	n-3
CID170683024	x
CID170695640	colestyramine
CID171306834	K779
