pattern_name	sequence_name	start	stop	score	p-value	E-value	q-value	matched_sequence
cluster-60	chr2	25869324	25869447	18.9026	0.0009674	0.9761	0.48961	GAGGAAAGCAGGGTGAGGCCCAGGATCTGTCTGGTGAAGATGGATGGAGCAACCTGCCCATGTGCTGCTGACTGTACCCACACCCACATCCACCCATCACTGTGGCCAGGTGGTCAAAGATAAG
cluster-355	chr6	136416875	136417118	20.9017	0.0009921	1.001	0.48961	AGAAAAAGGGAATGGGGGTGGGGTGGGTGGGAGATTGTTGTAGGACACTGGATTGAGGGAGGGCGGGAGGTGTAGAGAATGGGGCGGTTCCGCCCTAACAAAGAGGCAGAAACTGTGTCTCAACAGCCACCAAATCCAGTTCAGGGCGGTTTGAGCCAGTTTCTGAGCTGGATTGAGAACAACAGCCACAGGCTGAGACTTCACTAGGGTGAAATGGAAAATCTAGCATGGATTTTACAGACAG
cluster-262	chr5	65255972	65256132	20.9878	0.0028013	2.8265	0.60416	CAGACACCACCAGCCACTTCCCCACAGTCAGTCAGACCTGGGCCACTGGGTCCCCTGCCTTGTTGCTTGGCAGCTTTCTTCAAGGCCTGGCCTGGGCAGCCACACCCAACATTCTCACCACACCCTGTAATTCTCGCCACCCAGAAGTTCTTGCCACACCC
cluster-808	chr14	71023800	71023975	19.4982	0.0033436	3.3737	0.60416	CCGCACCCACCTTCAGCTGGCCGCCCCAGCCTTATCTGAGCCACCAGCCAGGCCCCACCTCAAACCACCCACCCTCTCATTTCCACGGCAACCAGAGCTTTGCAGCTCCCCAGGATATGGGTGATAAGACTTGCCCACAGGGATCTCCAGGTTGGCACCTACCCATCCCAGGCAGG
cluster-501	chr9	21940151	21940381	14.5603	0.0043553	4.3945	0.60416	CCTGCCCTGCCACTCCCTTGACTTTCTCTCTTTTTCTCCCTCCCCTCCGCCGCCGCCCACACCCGAGTGCTAGCTGTGGACCTAGGGGCTCTTGATCTACCACTGAGCCACACCCAAGTGTCCAGGCTTATCATCTTGCCTTAGCTTTTTCTGTAGCACATTATCAATGCCTGGCCAGTGTCTTGTGTATTTATCTTCTTTTTCCTTTCTCTCCACCTGCTTGGCTGTCTC
cluster-467	chr8	74937913	74938080	14.5311	0.0044168	4.4566	0.60416	CACAGCACCCAGCCCCACCCAGGGTTTCATGACTCCTCTGACAGCTCTGCTGTGAACATGCAGCCACGCCCTGGGATGCAGAATGAATGATAAGGCATGGGTGGGAGAGGTAATATGTCAGGGATCAGTCACTCTACCCAGGAATTCCCAAGCCAGGAACAGTGGCTG
cluster-492	chr8	122895779	122895932	19.6149	0.0051148	5.1609	0.60416	CTGTCTCCAGATAAACCCTGAGGCCTGGGGTGGGGCCATGCTGCTCACGGCTTATCACTTCTGTCTGGTGCTTGTTCCCGCCACTCTGCACCCCAGCCTTATCTGTGTCCCCAGGCCTTCCTTTGCCCACAGCTCTGACTGCTATGGGGGCAGG
cluster-261	chr5	65203447	65203587	18.0491	0.0054089	5.4576	0.60416	GGGTGTGGGCAGAATCTTATCTGAAGCTATGTCCTGTTTGGACAAGTTGGACTCGCCCTGGCAACTCTCCATGGGGTGGAGCCGATGGGTGGAGGCAGAAAAGTAAAATTGGGTGGCTTGTTCACGGAGAGGGGAGGGCGG
cluster-137	chr3	97461942	97462123	18.354	0.005509	5.5585	0.60416	TGGGCGGACAGTTCACAGCCCTAATCCCGACCCGGACCCCACCCTCGGCCCCGCCCCAAGCCGGAGCTGCGCACGCACCCACCACAGAGGCGGTGCTGGTGGCTAGAGAGGCAGGCGACCCAGGCTGAGGAGGGGGCGGGGCTGGAGCGCAGGGGGCGGAACAAGAGGCTCGGTGGGCGGGG
cluster-187	chr4	118241407	118241641	17.7641	0.0074832	7.5506	0.7386	GGGTGGGGGCGGCAGGAATGGGGCCAGGCCCTCTGAAGTGTCTGCTGAGGATCCTGGGACCTGGGTGTGGGAGCTCATTAAGCACTATCTTTGCCAACACTGTGGGTGTGGTTCAATCTGGACCAAGAGATAAGGGTACGACCTGAGGCACCAGAAAGGAAGACGAGGCAGGTGGAGACTGGCCAGACACGTCCCAGGAGGAGGGAAGAATAAAAGGCAGCAAAGCTGGGTGGGG
cluster-1009	chr19	56466261	56466372	13.2404	0.0092716	9.355	0.7658	AGATAAGGCTGGGTGTGGGGAAGTCAGCCAGAGCGGAGGAAGCTGCATAGCAAGAAGCAGAGACTGGGGTGGGGCTAGGGCAGTGTCTCACTAAGCAGAGGTTGGGGTGGGG
cluster-865	chr16	8687059	8687229	17.9013	0.0093105	9.3943	0.7658	CCCCACCCTCTGTGACAGCCTTATCACTGGAGTGGACAGGTGGGTGTGGCGTGCCATGGCTGTGCTATCAGCAGCCACCATGGCAGGCCTCTGTGCCCACTCCCAGCCTACTGCTGCCAGCCCTGCCCAGCAGGTCCACCTTGGAAATCTGCCCTGCAGCTGGTCTGGGGA

# MCAST (Motif Cluster Alignment and Search Tool): Version 5.1.0 compiled on Oct  9 2019 at 16:31:17
# The format of this file is described at http://meme-suite.org/doc/mcast-output-format.html.
# mcast -oc mcast_example_output_files -parse-genomic-coord Klf1.dreme Klf1.fna
